{"cameraMode":{"drawMode":0,"name":"Shaded","section":"Shading Mode"},"sceneLighting":false,"audioPlay":false,"sceneViewState":{"showFog":true,"showMaterialUpdate":false,"showSkybox":false,"showFlares":true,"showImageEffects":true,"showParticleSystems":true},"in2DMode":false,"pivot":{"x":-40.0,"y":-4.763710021972656,"z":28.726123809814454},"rotation":{"x":0.022772451862692834,"y":0.055452097207307819,"z":-0.001265025814063847,"w":0.9982005953788757},"size":233.34524536132813,"orthographic":false}